,Annual Return,Annual Volatility,Sharpe,Sortino,Max Drawdown,Calmar,Worst 3M,Excess Annual Return,Excess Sharpe,Excess Max Drawdown
Aggressive OOS,0.05443986604177309,0.06456608946517335,0.8431649878863687,1.222915534146889,-0.14087395343875264,0.386443801092313,-0.0712999863179612,-0.03011686687122217,-0.03156498961165044,0.04977782169780165
Benchmark: Balanced Benchmark Portfolio,0.08455673291299526,0.09666609706786543,0.8747299774980192,1.3576511602759151,-0.1906517751365543,0.4435140079468524,-0.09911570534463243,0.0,0.0,0.0
