,Annual Return,Annual Volatility,Sharpe (rf=0),Max Drawdown,Calmar,Hit Rate,Best Month,Worst Month
Risk Parity,0.05659828936465661,0.08131598643714885,0.6960290570711188,-0.18079077850165204,0.3130596031154289,0.6,0.06262622522695756,-0.06544111445527072
Trend + Inv Vol,0.06716857720349245,0.08014923941180711,0.838043850402373,-0.1366475060621526,0.49154630874083843,0.66,0.05176920136138683,-0.0624307811846863
Trend + Inv Vol + Vol Cap,0.06285405676645461,0.07740038487968912,0.8120638788057027,-0.12912157691574244,0.4867819791843905,0.66,0.05176920136138683,-0.05706466777028639
Benchmark: Balanced Benchmark Portfolio,0.07966935408413423,0.09705341277666563,0.8208815311571298,-0.1906517431301571,0.4178789701898729,0.68,0.06621214502938044,-0.07347637513865757
